Traditional Method,QuantumScholae.ai Solution,Impact
Generic resumes,Data-driven competency profiles,3x better job matching accuracy
Theoretical learning,Personalized learning paths with AI mentorship,50% faster skill acquisition
Limited feedback,Real-time AI feedback and code review,75% improvement in learning retention
Disconnected from industry needs,Direct industry connections,90% employer satisfaction
No skills validation,Validated skills assessment,85% skills validation accuracy
Manual job searching,Automated job matching,60% reduction in job search time
